transaction_id,customer_id,date,type,amount,description
B10000,C1049,2025-11-04,withdrawal,250.4,Democrat wife give song computer respond.
B10001,C1065,2024-07-13,withdrawal,2054.42,Good her few eight.
B10002,C1038,2026-02-18,withdrawal,1822.34,Ten agree weight statement.
B10003,C1027,2025-10-12,transfer,739.4,In baby notice movie democratic score.
B10004,C1017,2026-02-08,deposit,3110.93,Some significant specific city paper part them just.
B10005,C1032,2024-08-27,transfer,4914.79,Article available possible order commercial senior current.
B10006,C1077,2024-09-18,deposit,1585.23,Because head nation so this per pretty.
B10007,C1093,2025-12-03,deposit,4499.25,Oil activity include audience white.
B10008,C1087,2025-10-15,withdrawal,2387.11,Star feel chance although address politics.
B10009,C1012,2025-12-14,withdrawal,2199.15,Across do issue let spend compare.
B10010,C1078,2025-04-12,transfer,4569.4,Attack simply protect something camera himself compare.
B10011,C1070,2024-07-28,withdrawal,2241.33,Blue tend house staff commercial herself prove.
B10012,C1066,2025-05-24,withdrawal,358.28,Cut message green early allow manage wind.
B10013,C1070,2024-03-24,deposit,511.7,Full road nothing defense customer.
B10014,C1051,2024-09-20,transfer,4132.98,Form fight century office indeed area.
B10015,C1085,2024-11-24,transfer,55.66,Series window tax marriage.
B10016,C1063,2025-09-20,withdrawal,1257.36,Improve hit nice kind performance.
B10017,C1041,2025-10-05,transfer,4358.83,Poor modern democratic.
B10018,C1024,2024-12-07,transfer,1147.43,Occur back book they field.
B10019,C1018,2024-10-09,transfer,2267.45,People point month smile.
B10020,C1010,2025-03-24,withdrawal,4381.68,Actually small case middle resource.
B10021,C1062,2025-06-20,deposit,1542.16,Single technology similar seem operation.
B10022,C1037,2024-07-09,transfer,667.81,Reason environmental he family.
B10023,C1042,2026-02-15,transfer,1055.85,Grow crime future drop.
B10024,C1077,2025-10-18,transfer,2958.7,Rate business worker professor wife.
B10025,C1056,2024-10-29,deposit,3001.62,Agree move analysis its body source.
B10026,C1049,2024-07-14,withdrawal,2899.47,Say together bit wish purpose.
B10027,C1037,2024-11-02,deposit,987.49,Something expert suggest school.
B10028,C1023,2024-09-21,deposit,3083.23,Tonight east trouble two oil drive local.
B10029,C1084,2024-07-08,withdrawal,2408.83,Environmental foreign threat billion worry less.
B10030,C1011,2025-05-22,transfer,3800.14,Can value leave should five particular machine.
B10031,C1019,2024-09-13,deposit,4220.18,Ready at order attention both hour.
B10032,C1089,2024-09-19,transfer,3433.32,Interesting phone on far.
B10033,C1090,2025-03-20,transfer,1414.39,Not identify score.
B10034,C1030,2025-03-07,deposit,4480.44,Thought early president board bring.
B10035,C1075,2025-05-06,withdrawal,2919.49,Group member it chance our.
B10036,C1057,2025-11-23,withdrawal,3318.21,Consider probably against change message paper.
B10037,C1089,2024-08-18,withdrawal,457.75,Wide billion raise mission recently value expert.
B10038,C1078,2025-11-24,deposit,2457.9,Decade plant identify mention.
B10039,C1080,2024-10-24,withdrawal,4233.13,Tough employee situation red at stock sometimes although.
B10040,C1031,2024-04-29,deposit,3670.87,Write friend kitchen gas fly.
B10041,C1014,2024-08-14,transfer,1141.28,Room with travel responsibility cut hour.
B10042,C1021,2025-05-23,withdrawal,2159.35,Final soldier against take budget agency century.
B10043,C1007,2025-10-21,deposit,3926.44,Prevent news white.
B10044,C1089,2025-08-23,deposit,273.91,Drug north shake property fish plan.
B10045,C1073,2025-05-23,transfer,4554.58,Assume every walk.
B10046,C1068,2024-07-24,transfer,3418.92,Action tend coach yard treat begin should.
B10047,C1003,2025-06-21,deposit,3193.25,Many fine so say movie.
B10048,C1077,2026-02-08,transfer,642.49,Would pattern still simply during scientist white.
B10049,C1011,2024-04-30,withdrawal,4177.53,Among nice operation risk.
B10050,C1014,2025-05-13,deposit,3047.25,Practice how save several model think five.
B10051,C1024,2025-03-06,deposit,3604.66,Particular network pull organization.
B10052,C1061,2025-08-25,deposit,3649.42,Number easy hotel news film building finish.
B10053,C1007,2025-07-18,transfer,162.77,White message laugh billion onto.
B10054,C1054,2024-10-03,transfer,552.43,Respond tend sea speak.
B10055,C1033,2025-10-25,deposit,1143.1,Strategy black cultural pull above us.
B10056,C1082,2024-03-03,withdrawal,1783.96,Body program after scientist ever travel feeling.
B10057,C1023,2025-12-23,deposit,2543.0,War husband land live former.
B10058,C1005,2025-08-26,transfer,549.56,Simply wait similar blood really child lead.
B10059,C1050,2025-10-05,deposit,1337.66,Person rate security develop consumer.
B10060,C1093,2026-01-26,withdrawal,4199.72,Else behind upon young need simply growth.
B10061,C1072,2025-11-10,deposit,3503.6,Arm prove community expect live music.
B10062,C1026,2024-09-27,deposit,3953.81,Serious phone avoid stand stop.
B10063,C1020,2025-10-01,deposit,1744.45,Community together far enough ability citizen girl do.
B10064,C1032,2025-11-18,deposit,3004.12,Herself society position.
B10065,C1056,2025-05-01,transfer,915.36,Foot question learn.
B10066,C1060,2024-08-19,transfer,2079.03,Let receive scene no.
B10067,C1072,2024-08-30,transfer,4591.68,Around election modern simple.
B10068,C1083,2025-04-18,withdrawal,1973.78,Four once enter discuss.
B10069,C1084,2025-08-12,withdrawal,809.39,Kind religious question him amount.
B10070,C1088,2026-01-29,deposit,2316.87,Resource box during star much.
B10071,C1010,2024-10-04,withdrawal,3708.13,Occur music item land commercial.
B10072,C1069,2024-11-08,withdrawal,717.45,Support save phone director accept.
B10073,C1097,2025-11-07,withdrawal,1793.52,Career wind form nor.
B10074,C1036,2024-03-04,transfer,1828.05,Various watch choice cause natural imagine affect.
B10075,C1081,2024-09-16,transfer,705.1,Share down try happen show garden worry.
B10076,C1039,2025-06-27,withdrawal,3755.01,Half important guess what edge change.
B10077,C1083,2025-10-22,deposit,57.54,Outside voice measure under.
B10078,C1024,2024-10-08,transfer,1705.29,Nice per pattern group life land house growth.
B10079,C1030,2024-10-07,deposit,3205.13,Talk conference language ball someone.
B10080,C1048,2024-09-01,transfer,4383.35,Standard increase deal citizen least organization.
B10081,C1072,2025-06-14,withdrawal,206.15,Reflect she half air important truth speak behind.
B10082,C1089,2024-03-28,transfer,2120.22,Face ready issue that party identify.
B10083,C1084,2026-01-08,transfer,281.56,Outside work upon article compare television fly.
B10084,C1057,2025-02-21,deposit,1333.17,City test direction call adult toward small.
B10085,C1020,2024-10-05,withdrawal,2661.49,Meet despite nothing agreement receive even.
B10086,C1062,2024-11-18,transfer,3039.69,Perhaps where dinner according system.
B10087,C1000,2025-05-09,deposit,2498.18,Team reveal player soon.
B10088,C1039,2024-07-13,withdrawal,296.79,Top hope station than.
B10089,C1053,2026-01-17,deposit,2765.38,Guess them purpose partner son air out.
B10090,C1081,2025-06-13,deposit,4195.37,General something face material however you.
B10091,C1016,2024-08-13,deposit,2038.99,Space water realize market walk also traditional.
B10092,C1086,2025-08-14,withdrawal,1615.08,Money real international finally clear.
B10093,C1027,2025-08-23,deposit,3600.75,Candidate girl their or city.
B10094,C1000,2024-05-05,transfer,2665.31,Offer exist article of structure.
B10095,C1012,2024-05-07,deposit,638.57,Free other modern end blue.
B10096,C1083,2025-03-30,deposit,4374.59,Speak ahead rock parent some three onto.
B10097,C1035,2024-08-04,transfer,4893.65,Instead property or their that nation.
B10098,C1012,2025-11-29,withdrawal,4276.99,American call statement specific.
B10099,C1050,2024-11-17,transfer,452.66,Might wish street space human want.
B10100,C1035,2025-07-24,withdrawal,4009.13,Pay cover follow never.
B10101,C1014,2024-06-03,withdrawal,710.43,Try PM debate in.
B10102,C1066,2025-07-10,transfer,3242.46,In full billion rise.
B10103,C1014,2025-09-13,deposit,1428.13,Dog price wind democratic summer.
B10104,C1002,2025-01-02,deposit,251.28,Activity mission industry skin which.
B10105,C1087,2024-05-03,withdrawal,2813.86,Guy thing tell young meeting material deep anything.
B10106,C1046,2025-12-11,transfer,4553.76,Enter political site beyond.
B10107,C1005,2024-10-17,transfer,4807.95,Executive year drive small smile assume hot chance.
B10108,C1077,2024-10-13,transfer,2497.7,Draw always now life.
B10109,C1082,2025-03-24,withdrawal,3218.7,Interesting easy perhaps best company.
B10110,C1047,2024-09-21,transfer,932.53,Late walk live skill course laugh civil.
B10111,C1048,2024-07-24,transfer,1490.63,Identify involve hospital capital others majority something.
B10112,C1017,2025-05-08,deposit,1393.3,Radio not account land why thought.
B10113,C1043,2024-12-04,withdrawal,3606.57,Often agency spring interview room.
B10114,C1043,2024-03-08,transfer,226.54,Nature against answer imagine perhaps laugh popular too.
B10115,C1034,2024-11-24,deposit,789.61,Event say son and give source.
B10116,C1074,2025-08-31,withdrawal,1836.49,Per second add picture.
B10117,C1070,2025-05-24,deposit,1502.36,Senior alone option in evidence board business.
B10118,C1061,2024-06-11,transfer,1236.55,Discuss truth trial hundred anything.
B10119,C1006,2025-03-12,withdrawal,938.95,The candidate reality process.
B10120,C1066,2024-04-07,transfer,400.77,Them your choice their make.
B10121,C1051,2024-08-24,withdrawal,1531.17,Near need recently hospital red.
B10122,C1013,2025-08-14,deposit,2826.11,Answer fill on program.
B10123,C1061,2025-04-29,withdrawal,1718.55,Forward policy mouth success federal movement.
B10124,C1043,2024-08-10,deposit,2421.48,Dream memory evening small focus.
B10125,C1089,2024-10-09,withdrawal,2161.35,Successful field crime drug wall.
B10126,C1038,2024-06-17,withdrawal,3687.02,Industry let summer ever voice.
B10127,C1019,2024-12-01,deposit,3152.37,One live quickly world.
B10128,C1048,2025-05-30,transfer,480.26,Specific enter hope current page skill indeed.
B10129,C1010,2024-10-19,deposit,3761.85,Sound here environment list weight opportunity.
B10130,C1007,2025-12-13,withdrawal,88.86,Character pattern next.
B10131,C1050,2024-06-18,transfer,2619.07,Interesting measure value two east avoid.
B10132,C1057,2024-06-05,withdrawal,3952.03,East actually response kid feeling.
B10133,C1091,2025-03-09,transfer,1125.41,Level pattern side collection cold team.
B10134,C1010,2025-03-06,withdrawal,1139.68,Before tell ago question left meeting.
B10135,C1033,2024-08-26,transfer,3896.65,Arrive teacher where close democratic body.
B10136,C1055,2025-03-21,deposit,1824.68,Model pick Republican same.
B10137,C1008,2025-04-02,transfer,186.71,Focus discuss our five purpose everything.
B10138,C1067,2024-04-22,withdrawal,3774.57,One sort blue since long economic tough also.
B10139,C1025,2025-03-10,deposit,2510.58,Involve require region sign.
B10140,C1032,2025-08-07,deposit,3222.94,Painting mother anything discover occur.
B10141,C1027,2025-11-07,transfer,774.45,Speech lawyer west particularly everything former.
B10142,C1025,2024-11-18,withdrawal,1921.26,At kid box run.
B10143,C1069,2026-02-09,deposit,568.49,Full describe economy goal.
B10144,C1076,2024-11-03,withdrawal,784.59,Themselves action sound use walk inside yes.
B10145,C1051,2024-05-10,transfer,3415.65,Least available between lay physical high.
B10146,C1066,2024-07-02,withdrawal,3412.63,When general everything center wind note national.
B10147,C1041,2024-10-05,withdrawal,4991.01,Country program prove very street know rich medical.
B10148,C1081,2024-05-28,transfer,4379.76,Alone culture exist deal area hand room.
B10149,C1069,2024-11-25,transfer,4660.0,Cover feel debate.
B10150,C1001,2024-09-21,withdrawal,3542.69,Into nearly water.
B10151,C1095,2025-07-09,withdrawal,4099.69,Happen discover she shoulder.
B10152,C1004,2025-02-18,transfer,784.42,Choice before Democrat among hotel service everything.
B10153,C1032,2026-02-11,transfer,3931.62,Resource door only already make east exactly.
B10154,C1048,2025-11-15,transfer,1507.19,Discuss bad discussion however picture agree pass.
B10155,C1090,2025-07-22,withdrawal,378.48,Pretty note fear him party.
B10156,C1010,2025-09-27,transfer,4351.03,Become leader difference ok some group.
B10157,C1005,2025-01-21,deposit,1164.2,Financial scientist sign attention provide.
B10158,C1005,2025-01-02,withdrawal,125.66,Manager major newspaper rock mind.
B10159,C1057,2026-01-07,withdrawal,4316.42,Writer modern available include.
B10160,C1019,2025-11-21,transfer,2330.64,Well condition not who future people.
B10161,C1047,2025-07-24,transfer,1942.05,Anything economy factor family property upon.
B10162,C1067,2025-04-25,transfer,216.41,Attention fact level never view people present.
B10163,C1011,2024-07-21,transfer,3981.02,Leg kind certain ready thousand ask.
B10164,C1066,2025-06-06,transfer,4953.14,Only word moment pretty concern.
B10165,C1095,2024-02-22,withdrawal,4533.61,Once should real Mrs lay new everyone.
B10166,C1026,2024-02-22,withdrawal,2700.31,Goal join reduce allow eat side.
B10167,C1076,2025-06-09,withdrawal,4137.2,Why like decide.
B10168,C1061,2024-09-01,withdrawal,3056.78,Community paper attack.
B10169,C1029,2024-08-20,deposit,3302.07,Just writer citizen sport.
B10170,C1000,2024-08-11,transfer,950.75,Traditional probably article last forward.
B10171,C1064,2025-06-05,transfer,1309.57,Themselves other today PM.
B10172,C1008,2026-01-17,withdrawal,4306.42,Should enough act end value new.
B10173,C1038,2024-04-17,withdrawal,1951.59,Pick suggest woman suggest question theory.
B10174,C1049,2025-05-17,deposit,860.79,Night whether model citizen government.
B10175,C1016,2024-05-02,deposit,1471.09,Theory meet morning book whatever building.
B10176,C1042,2026-01-24,deposit,4712.22,Spring impact next not.
B10177,C1061,2025-12-30,withdrawal,747.48,With visit door admit visit against some.
B10178,C1077,2024-10-15,transfer,454.02,Same wall wife before eight arm seven interest.
B10179,C1089,2024-08-30,deposit,4060.93,Over role score throw name have TV environment.
B10180,C1045,2024-11-12,withdrawal,224.14,Impact walk sometimes evidence.
B10181,C1059,2025-12-06,withdrawal,2321.47,Majority determine away girl.
B10182,C1012,2025-06-16,withdrawal,3901.83,Compare peace style become.
B10183,C1002,2026-01-18,deposit,3011.59,Seven her personal Democrat or cut level.
B10184,C1016,2024-05-03,transfer,1653.36,Whose thus goal test finish responsibility.
B10185,C1089,2025-07-12,transfer,3262.51,Peace the agency to sell positive blood home.
B10186,C1024,2024-11-18,withdrawal,3927.91,Surface health heart hold.
B10187,C1099,2025-04-02,withdrawal,599.43,Report reason country debate son.
B10188,C1007,2025-10-23,transfer,3519.05,Cover front system help.
B10189,C1078,2024-04-05,transfer,4672.88,Skill nature another check.
B10190,C1083,2024-11-06,deposit,4848.95,Fund various eye focus school yard.
B10191,C1091,2025-06-28,transfer,1517.11,Cause music picture first air thousand certain.
B10192,C1016,2024-11-06,withdrawal,4006.74,Business true guy answer recognize.
B10193,C1095,2025-11-18,transfer,4917.82,Them particularly admit live down daughter trip.
B10194,C1015,2026-01-23,transfer,4309.14,Cup he father evidence question fund arrive clearly.
B10195,C1024,2024-04-16,deposit,3921.46,Turn time certainly lay you provide.
B10196,C1056,2024-10-05,withdrawal,3795.25,Age letter religious week money purpose.
B10197,C1058,2025-12-23,withdrawal,3958.32,Important sure offer trip.
B10198,C1009,2025-04-12,deposit,4514.54,Thank most of.
B10199,C1005,2025-12-28,withdrawal,1314.16,Concern worker laugh action short us likely machine.
B10200,C1003,2024-09-01,transfer,3349.23,Full particular present between color public return.
B10201,C1073,2024-03-19,deposit,1186.79,They environment different some another run wall.
B10202,C1099,2024-10-15,transfer,3908.01,Dog onto movement we window single there.
B10203,C1089,2025-07-08,transfer,2129.55,Move red join TV trouble.
B10204,C1039,2026-02-16,deposit,771.17,Himself artist usually start chance.
B10205,C1072,2025-09-30,withdrawal,4618.26,Space majority bit instead smile happen.
B10206,C1013,2025-10-26,withdrawal,361.47,Green wife in end decade leader.
B10207,C1053,2024-07-25,deposit,3684.68,Actually team industry only world various.
B10208,C1003,2025-05-24,withdrawal,2183.88,Five admit play avoid few beat.
B10209,C1053,2024-06-14,deposit,2508.29,Receive wife point fall spring choose power.
B10210,C1041,2025-02-14,transfer,1300.3,Magazine perform able such.
B10211,C1045,2025-08-01,deposit,650.82,Method myself cell summer rather.
B10212,C1088,2024-10-25,deposit,1759.95,Continue food whom fast.
B10213,C1022,2025-01-13,deposit,4159.84,Concern law enough information which join.
B10214,C1029,2024-04-04,withdrawal,399.06,Gas any manager political keep attack behavior.
B10215,C1018,2025-08-19,deposit,66.0,Exist these perhaps such those position wrong.
B10216,C1084,2024-10-29,transfer,3673.9,Wind include allow must point great tonight.
B10217,C1015,2026-01-13,transfer,85.56,War partner determine response wide method movie.
B10218,C1047,2025-05-06,transfer,172.02,Rate measure brother approach five.
B10219,C1077,2024-03-27,deposit,4302.92,Meet adult prepare son.
B10220,C1023,2025-05-09,withdrawal,606.34,Lot party mother purpose family.
B10221,C1044,2024-08-17,transfer,4797.9,Walk school word year establish.
B10222,C1016,2024-10-28,deposit,4834.27,Response chance small create day party decade.
B10223,C1046,2024-11-23,withdrawal,2393.18,Main feeling bag season.
B10224,C1037,2025-09-01,withdrawal,4688.78,Despite approach beautiful late find.
B10225,C1070,2024-11-20,transfer,1668.57,Quality he under body phone.
B10226,C1075,2026-02-09,deposit,557.77,Brother without thus perform particular only.
B10227,C1074,2024-11-26,withdrawal,824.2,Something move race special away behavior.
B10228,C1018,2024-03-22,deposit,4031.73,Pressure under rock next week.
B10229,C1040,2025-08-13,transfer,1252.05,Relationship risk agent dark sound again professor.
B10230,C1096,2025-04-24,deposit,1490.74,During with team front mother possible management.
B10231,C1053,2024-06-24,transfer,278.97,Only minute light within better those ability serve.
B10232,C1016,2025-01-19,transfer,151.72,Event artist later someone management pressure feeling.
B10233,C1009,2025-02-25,transfer,412.4,Or put upon rather.
B10234,C1053,2024-06-16,withdrawal,2776.35,Building military seem.
B10235,C1094,2024-12-27,deposit,2975.83,Type structure so magazine worker.
B10236,C1038,2025-04-16,transfer,1805.09,Whose own or white.
B10237,C1031,2024-03-12,withdrawal,3182.26,Look probably public soon rest term tree.
B10238,C1081,2025-05-12,transfer,336.39,Among simply shake social production consider.
B10239,C1052,2025-10-12,deposit,2115.27,Her front watch religious star.
B10240,C1093,2024-11-17,withdrawal,2234.42,Note land lead not site first.
B10241,C1047,2024-12-28,withdrawal,4764.09,Civil anything court many ability.
B10242,C1011,2024-05-05,deposit,3992.76,Deep scientist rather summer country toward claim.
B10243,C1035,2024-06-15,deposit,2813.0,Television message different lead book current.
B10244,C1088,2024-05-05,deposit,3988.5,Walk be bad wall conference view oil.
B10245,C1057,2025-12-17,withdrawal,967.63,Finally price stuff north.
B10246,C1053,2024-07-30,withdrawal,914.95,Several view PM coach upon.
B10247,C1058,2025-06-20,withdrawal,4688.67,Camera per hour here operation.
B10248,C1018,2025-05-09,withdrawal,2339.06,Example state into.
B10249,C1081,2024-06-07,deposit,2442.28,Baby cover office her program.
B10250,C1026,2024-07-19,withdrawal,59.12,Research man former summer.
B10251,C1089,2025-06-13,withdrawal,3112.74,Or like crime thank.
B10252,C1000,2025-02-21,deposit,1527.87,Early use strategy seem first.
B10253,C1098,2025-07-30,transfer,1540.74,Send water happen debate view.
B10254,C1077,2024-07-06,deposit,2149.83,Person black because.
B10255,C1096,2025-09-26,withdrawal,508.14,Reveal movement event current cost later despite training.
B10256,C1063,2024-04-27,deposit,2741.52,Nature realize southern street contain relate require.
B10257,C1051,2024-12-31,withdrawal,3178.72,Wide card board during training.
B10258,C1002,2024-07-21,deposit,1386.89,Site tend staff name material.
B10259,C1085,2025-10-10,deposit,51.25,Base service stand measure.
B10260,C1050,2024-07-30,transfer,4458.28,Culture their perhaps bill gun name ability.
B10261,C1090,2025-06-04,withdrawal,2250.69,Participant tree remember recent type rest name.
B10262,C1095,2025-11-13,withdrawal,1801.42,Unit difficult matter police anyone.
B10263,C1096,2024-12-17,transfer,4548.43,Radio less must cut style agreement step test.
B10264,C1076,2025-08-29,deposit,225.48,Size worry TV particular I start of.
B10265,C1033,2024-06-28,withdrawal,2691.51,Little recognize deal.
B10266,C1015,2024-09-18,transfer,4304.29,Walk according party establish before.
B10267,C1097,2025-04-28,deposit,387.06,This want change area either role type.
B10268,C1037,2025-10-11,withdrawal,2623.18,Space particular skin pick fine.
B10269,C1073,2025-05-05,transfer,3154.34,Less mother purpose part maintain study face partner.
B10270,C1068,2024-08-11,deposit,2083.48,Stock color couple apply ahead thought.
B10271,C1081,2025-09-04,transfer,2046.89,Degree federal other activity I you easy.
B10272,C1099,2024-03-19,withdrawal,1496.66,Seek up chance difference.
B10273,C1047,2025-05-12,transfer,3162.61,Father hospital recent back live environmental.
B10274,C1020,2024-03-14,deposit,3500.31,Office without some effort red forward.
B10275,C1048,2025-10-05,withdrawal,2975.76,Event help born baby culture.
B10276,C1017,2025-06-07,transfer,3357.88,Ever he war modern position.
B10277,C1045,2025-07-16,transfer,2389.69,Decision my support behind describe local.
B10278,C1053,2025-12-27,deposit,2409.74,Strategy against value quickly.
B10279,C1088,2025-07-14,transfer,1625.29,Value institution wait maybe before.
B10280,C1083,2024-09-22,deposit,2247.71,Level wind finally pretty well list per.
B10281,C1018,2024-05-21,transfer,2502.84,Difficult player last drive economic or question.
B10282,C1079,2024-09-13,deposit,176.46,Front indicate central himself can citizen.
B10283,C1060,2024-03-17,withdrawal,4448.3,Stop law you well else candidate relationship.
B10284,C1001,2024-03-16,transfer,4895.59,Model end ball box mother.
B10285,C1087,2025-08-18,deposit,3447.17,Figure bit data guy.
B10286,C1094,2025-11-24,transfer,2005.82,Health four finally tell.
B10287,C1046,2025-02-28,deposit,624.95,Purpose either hold base.
B10288,C1000,2024-04-01,withdrawal,4372.08,Week car thousand a rich open person explain.
B10289,C1089,2025-06-16,withdrawal,3649.14,Once vote wrong market.
B10290,C1029,2025-11-27,deposit,3770.49,There question visit race build decision determine.
B10291,C1036,2024-06-11,deposit,572.03,Local land cover deal left skill clear.
B10292,C1058,2024-07-30,transfer,1684.47,Home yard give film question record.
B10293,C1021,2024-11-20,withdrawal,2137.46,Rock throw anything notice season probably.
B10294,C1087,2025-04-15,withdrawal,782.7,Include our company.
B10295,C1090,2024-03-01,deposit,2644.6,Throughout attention all forward against.
B10296,C1016,2024-09-24,deposit,4556.44,Bill imagine former day TV situation.
B10297,C1056,2024-06-18,withdrawal,3957.22,Kitchen thing finish later would challenge notice same.
B10298,C1049,2024-09-12,withdrawal,4043.89,Such carry field movement president game quickly use.
B10299,C1049,2024-10-21,transfer,1139.79,Then manage born carry.
B10300,C1025,2024-08-24,withdrawal,4703.17,Sort dream glass raise.
B10301,C1075,2024-07-30,transfer,296.48,Operation without method crime major.
B10302,C1049,2024-11-17,deposit,1208.44,Light data language his few dinner.
B10303,C1010,2025-03-02,deposit,1849.87,Social perform run firm best character strong.
B10304,C1095,2025-02-14,transfer,3403.59,Arrive control section can.
B10305,C1029,2024-08-11,transfer,1522.76,Outside future simply finally small.
B10306,C1011,2025-04-06,transfer,4350.78,Be player thought ready majority peace.
B10307,C1096,2024-10-08,withdrawal,3868.58,Size behind section rather check north.
B10308,C1045,2025-09-27,withdrawal,2318.56,Agency nice probably international fact.
B10309,C1080,2024-10-11,transfer,2604.82,Shake dog recognize wish.
B10310,C1083,2024-12-17,transfer,4652.31,Argue back although teacher story second.
B10311,C1055,2025-11-23,transfer,2300.28,Option enough specific support road.
B10312,C1032,2024-07-31,transfer,2404.48,Son time Democrat deal pattern thing stage.
B10313,C1043,2025-10-08,withdrawal,259.06,Ball seat vote wish.
B10314,C1006,2024-11-19,deposit,1781.52,Quickly fall third former watch positive.
B10315,C1037,2024-07-10,transfer,85.29,Some third positive.
B10316,C1008,2024-06-03,withdrawal,3418.49,What discuss campaign financial.
B10317,C1077,2024-03-23,withdrawal,2810.95,Much practice talk beat support down.
B10318,C1028,2026-01-27,withdrawal,1004.6,Player natural force different stay again partner.
B10319,C1077,2025-07-08,deposit,3051.45,Yet politics toward people tell.
B10320,C1010,2025-11-18,withdrawal,1648.5,Well project science understand.
B10321,C1058,2026-01-08,withdrawal,1314.72,About once whether power court child from month.
B10322,C1066,2024-12-13,deposit,991.15,Operation fire some but for avoid.
B10323,C1010,2024-03-25,deposit,4356.24,Represent soon college health good.
B10324,C1044,2024-06-23,deposit,4194.59,Senior practice say behavior indeed marriage.
B10325,C1032,2026-01-26,transfer,3658.68,There reason training several research water behind.
B10326,C1038,2025-02-04,withdrawal,2608.66,Thing number beat mission sound.
B10327,C1049,2024-08-26,withdrawal,2436.32,Budget that reason run yourself until.
B10328,C1091,2024-09-24,deposit,270.29,Fish relate window term management campaign produce decision.
B10329,C1070,2024-08-02,deposit,95.58,Million upon course far far such thus long.
B10330,C1063,2026-01-25,transfer,2219.08,Throughout degree question above democratic scientist film.
B10331,C1052,2024-07-26,withdrawal,2329.53,Itself impact fund can beautiful arrive usually.
B10332,C1015,2024-05-23,deposit,453.31,Most book another chair.
B10333,C1012,2025-11-09,deposit,2099.36,Figure kid course risk meeting activity do account.
B10334,C1027,2025-01-03,withdrawal,3083.15,Thing owner where treat member.
B10335,C1054,2024-12-02,transfer,3786.4,Black budget certain choose own father.
B10336,C1050,2024-05-15,deposit,4796.64,Last total type especially question.
B10337,C1031,2025-03-31,withdrawal,1139.25,Few know organization information industry customer score.
B10338,C1035,2025-10-05,withdrawal,1632.01,Drug probably same matter attention response ground.
B10339,C1055,2025-07-28,deposit,2807.42,Job animal right man their event.
B10340,C1036,2026-01-26,transfer,2728.32,Him child by attention among.
B10341,C1025,2025-11-14,transfer,1518.37,Morning structure with dark art shoulder.
B10342,C1056,2025-02-21,transfer,3043.12,Yet outside now store over book community.
B10343,C1068,2024-06-23,transfer,1341.89,Set section identify cause offer three itself.
B10344,C1029,2025-08-20,deposit,637.71,Able daughter take social actually parent middle best.
B10345,C1091,2025-08-14,deposit,904.25,Rule until rich risk him decision.
B10346,C1053,2026-01-07,deposit,1129.42,Around performance red.
B10347,C1094,2026-01-17,transfer,81.87,Book from detail free remember hard.
B10348,C1068,2024-10-04,transfer,2169.93,Effort your thousand safe.
B10349,C1006,2024-09-06,deposit,1954.24,Think include how participant discover.
B10350,C1034,2026-01-20,deposit,4857.19,Personal can expect catch everybody act gun.
B10351,C1072,2026-01-05,withdrawal,1186.34,Bring reason PM event wait describe four blood.
B10352,C1091,2025-02-11,transfer,2755.86,Inside see wait myself before.
B10353,C1036,2024-05-14,deposit,3712.35,Evening suddenly option teach tax year.
B10354,C1030,2026-02-16,deposit,2614.86,Increase they hear truth thing store forget.
B10355,C1086,2024-08-26,withdrawal,1206.34,Fact hit fund room.
B10356,C1080,2025-06-23,withdrawal,1469.81,During leader old series along smile receive.
B10357,C1021,2024-11-13,deposit,4058.26,Product not reduce three forget.
B10358,C1070,2025-06-13,transfer,1673.03,Often clear key.
B10359,C1074,2025-11-29,transfer,175.17,Throw provide suffer list.
B10360,C1016,2024-04-19,withdrawal,818.45,Public join every option long beat than.
B10361,C1022,2024-11-03,transfer,4956.58,Statement finally list finish unit bar.
B10362,C1017,2024-05-06,deposit,3918.15,Tough reach kid three.
B10363,C1099,2025-01-24,withdrawal,2869.02,Understand condition she.
B10364,C1089,2026-01-01,deposit,1214.81,Such raise coach read church lose.
B10365,C1016,2024-06-21,deposit,3811.83,City best represent forward also real.
B10366,C1045,2024-09-24,transfer,2975.59,Truth one usually type hotel.
B10367,C1080,2025-07-24,withdrawal,4509.01,Especially since hundred.
B10368,C1013,2024-05-10,transfer,4177.97,Music high far large different listen.
B10369,C1067,2024-08-11,transfer,1825.14,Body friend central.
B10370,C1058,2026-02-07,withdrawal,112.55,Staff better final state.
B10371,C1028,2025-08-09,transfer,3281.18,Effort gun industry official might officer.
B10372,C1084,2025-02-05,withdrawal,4055.72,Region conference lawyer care nor.
B10373,C1094,2024-05-23,withdrawal,2752.84,Everybody first above yet officer.
B10374,C1090,2024-10-08,deposit,1332.83,Entire prepare into.
B10375,C1077,2024-05-16,withdrawal,3531.92,Range crime our week still.
B10376,C1040,2025-12-20,withdrawal,1951.26,Crime behind reach.
B10377,C1007,2025-11-26,deposit,239.52,Before cultural green together interview tend drive.
B10378,C1092,2025-07-17,transfer,4810.37,Ok coach his who approach share peace.
B10379,C1043,2025-04-09,withdrawal,3358.74,Wall imagine story middle weight total baby.
B10380,C1084,2025-04-13,transfer,1168.29,Firm perform partner time.
B10381,C1044,2025-10-10,transfer,853.54,Institution individual deal imagine indicate region different leave.
B10382,C1002,2024-02-26,withdrawal,2889.29,Live along front sit your work plant off.
B10383,C1007,2025-12-05,transfer,3170.67,Test morning article attack fast continue event.
B10384,C1045,2024-08-15,deposit,2480.98,Behind number alone join.
B10385,C1007,2024-04-20,deposit,1245.26,Want affect can doctor interesting religious or participant.
B10386,C1001,2025-11-06,deposit,4730.4,Deal western list note.
B10387,C1041,2024-04-25,deposit,4113.74,Development wear leg citizen owner economic both.
B10388,C1044,2025-02-08,transfer,2142.13,Program arrive idea it tree onto situation.
B10389,C1027,2025-10-10,withdrawal,2204.31,Nice about easy.
B10390,C1045,2025-04-17,withdrawal,925.83,Since become black.
B10391,C1042,2025-07-16,transfer,4934.64,Home deal important current.
B10392,C1095,2025-08-28,withdrawal,1944.21,Likely improve good save return.
B10393,C1052,2024-09-23,withdrawal,2691.84,Hear very during current price trouble.
B10394,C1094,2024-12-10,transfer,3539.43,Sell statement deal style fish.
B10395,C1097,2024-10-24,deposit,2845.41,Them radio face station career wall relationship no.
B10396,C1015,2024-07-20,withdrawal,4772.07,Usually direction campaign Congress push modern young.
B10397,C1021,2024-06-03,deposit,2527.74,Out I artist.
B10398,C1079,2025-10-19,transfer,2593.98,Put him local sing money.
B10399,C1093,2024-05-19,transfer,783.43,Anything side low approach case reflect world.
B10400,C1042,2026-01-04,deposit,4208.68,Lead probably base open scene today.
B10401,C1022,2024-04-19,deposit,4732.49,Significant debate front free long hot.
B10402,C1021,2024-07-08,transfer,3949.02,Stay machine strong just ability dinner.
B10403,C1087,2025-05-09,transfer,883.16,Before series hotel community.
B10404,C1010,2025-12-24,withdrawal,4641.86,Special manager believe day.
B10405,C1076,2024-10-10,deposit,3121.53,Seek plan one quickly.
B10406,C1058,2025-03-07,transfer,792.85,Population process future else establish process.
B10407,C1077,2024-03-14,deposit,1299.74,Accept not you work each scene.
B10408,C1094,2024-07-03,transfer,1913.76,Past stage reach story case establish cost buy.
B10409,C1080,2024-07-30,deposit,2506.91,Especially like practice century.
B10410,C1045,2024-11-01,withdrawal,3374.64,Analysis affect task trip already.
B10411,C1058,2024-08-26,deposit,2561.82,Threat black president heart follow game.
B10412,C1020,2024-11-02,transfer,3777.24,Cover training product majority rest culture.
B10413,C1043,2024-03-22,withdrawal,4026.45,Whose choose second listen western treatment.
B10414,C1050,2024-08-16,deposit,1588.28,Size try nearly.
B10415,C1036,2024-06-24,transfer,2371.14,Third fight project affect unit girl.
B10416,C1004,2025-04-06,transfer,2873.97,Statement religious force us development section.
B10417,C1033,2025-02-23,transfer,239.59,Adult coach represent section performance.
B10418,C1050,2024-10-27,transfer,644.08,General must their form job fall.
B10419,C1044,2024-08-07,withdrawal,303.2,Record wide suddenly game least tend throughout.
B10420,C1034,2025-03-18,transfer,4978.62,Suddenly eight clear environmental near future walk.
B10421,C1032,2024-06-10,transfer,3417.95,Bill during professional enough accept stay much.
B10422,C1089,2025-11-25,withdrawal,4974.96,Term try wait side part.
B10423,C1097,2026-01-16,deposit,3824.86,Drive rather understand machine theory history.
B10424,C1066,2024-07-27,withdrawal,1961.06,Service ask behavior financial front relate.
B10425,C1032,2024-12-28,deposit,624.18,Defense company cover customer.
B10426,C1042,2025-03-16,deposit,2951.42,Moment price site wrong.
B10427,C1092,2024-09-06,transfer,3422.56,Matter ever stock decision sport.
B10428,C1045,2025-05-15,deposit,4585.99,Draw opportunity station ability suffer professional tough.
B10429,C1019,2024-03-03,withdrawal,4238.77,Sister relationship plan your participant sit I.
B10430,C1001,2024-05-30,transfer,4090.98,Set meet civil avoid material line.
B10431,C1072,2025-04-29,deposit,4763.92,Compare where value team majority.
B10432,C1046,2026-02-09,withdrawal,3147.28,Over road some stay.
B10433,C1041,2025-12-23,withdrawal,3924.79,Statement number PM main but tend.
B10434,C1076,2024-03-26,withdrawal,4937.98,Threat general others step forget building.
B10435,C1000,2024-11-05,deposit,2864.58,Training human bit finish center.
B10436,C1056,2024-11-29,deposit,1739.66,Use education too nor book.
B10437,C1001,2025-01-29,transfer,2428.04,Ten effort kitchen into data miss.
B10438,C1085,2025-01-16,transfer,3904.16,Red list newspaper up year particular maybe.
B10439,C1095,2026-02-02,transfer,978.89,Decision assume successful.
B10440,C1070,2024-11-21,withdrawal,1429.6,Performance idea opportunity fish civil point.
B10441,C1022,2024-06-17,transfer,890.8,With left spring order.
B10442,C1084,2024-11-01,transfer,829.14,Stay performance Mrs particular fly oil smile know.
B10443,C1014,2024-05-08,transfer,3179.04,Factor kind probably sound policy history.
B10444,C1069,2024-05-06,transfer,1954.26,Marriage kid several scientist.
B10445,C1055,2025-07-17,withdrawal,1591.42,Strategy physical campaign store middle once news develop.
B10446,C1001,2025-03-31,withdrawal,3903.73,Plant conference and perform entire matter some.
B10447,C1091,2025-02-12,withdrawal,4733.96,Always response long star street line.
B10448,C1068,2025-02-05,transfer,2795.07,From reach institution name perform themselves author.
B10449,C1043,2024-08-03,deposit,3542.58,Event subject first pretty suffer.
B10450,C1055,2025-03-22,deposit,4231.47,During because share actually final.
B10451,C1096,2025-01-30,transfer,818.9,Prove ready southern other.
B10452,C1084,2024-05-19,transfer,4622.33,Him protect information task.
B10453,C1072,2025-01-27,withdrawal,1836.66,Vote economic gas five world office score.
B10454,C1004,2024-10-19,transfer,4566.52,Suddenly myself imagine kitchen bag read.
B10455,C1081,2024-11-25,transfer,4002.46,Water miss keep.
B10456,C1097,2024-09-29,deposit,4504.08,Special factor spend.
B10457,C1046,2025-11-04,transfer,4908.68,Wind method gun go base sign this strong.
B10458,C1020,2024-03-05,transfer,1012.82,Arrive attention to nearly.
B10459,C1045,2025-11-20,transfer,3515.44,Run what general personal town early accept nation.
B10460,C1002,2024-12-27,transfer,3689.53,Reach leg bring accept employee box.
B10461,C1073,2024-04-13,deposit,1408.64,Threat house her move a in.
B10462,C1097,2025-06-02,withdrawal,435.73,Generation almost score city condition who.
B10463,C1057,2025-01-18,deposit,3732.98,Low Republican since present guy community already leader.
B10464,C1057,2024-12-30,transfer,4480.05,Create health particular more break work.
B10465,C1090,2026-02-11,deposit,4792.12,Color information south write pattern.
B10466,C1021,2024-06-28,withdrawal,4621.62,Fast spring produce general parent heart.
B10467,C1054,2025-05-03,transfer,2003.97,Information since both very along son make time.
B10468,C1034,2025-09-09,withdrawal,2214.22,Direction security window send the live economic.
B10469,C1096,2024-05-09,withdrawal,3067.96,Safe significant first sing.
B10470,C1011,2025-10-09,withdrawal,199.17,Raise report heart heart that American life.
B10471,C1001,2025-05-24,withdrawal,1053.8,Tv it ask information season eat.
B10472,C1050,2024-12-19,withdrawal,2206.28,Story yet occur lot hit forward glass speak.
B10473,C1081,2024-10-28,transfer,3381.73,Leave military daughter be cause bring growth.
B10474,C1089,2025-02-27,deposit,2934.31,Until American need outside who respond plant.
B10475,C1045,2024-09-02,transfer,677.73,Option a police team better court name among.
B10476,C1090,2024-11-28,withdrawal,1674.17,Explain call newspaper get newspaper ready country.
B10477,C1003,2025-08-21,withdrawal,2394.94,Include positive join plant ever such able.
B10478,C1066,2024-09-21,deposit,255.85,American several theory people culture ability.
B10479,C1072,2024-04-21,withdrawal,1837.06,Politics town recent blue politics firm phone.
B10480,C1008,2024-06-29,deposit,3600.57,Relate modern owner it message.
B10481,C1085,2025-02-25,transfer,2381.96,Today method know not prepare important.
B10482,C1040,2024-04-18,deposit,1608.27,Nation arm their he wish.
B10483,C1016,2024-08-17,transfer,1411.66,Story alone forward wait occur first test.
B10484,C1085,2025-08-23,deposit,2998.53,Better value fly hospital.
B10485,C1051,2025-07-06,withdrawal,2581.89,Garden piece sign large myself carry garden.
B10486,C1020,2025-01-08,deposit,4469.51,Particularly ground source dream ok war.
B10487,C1061,2024-02-28,transfer,3227.37,Detail spring away thing bed concern worker.
B10488,C1097,2024-08-12,transfer,281.23,Wrong provide blue manage player.
B10489,C1066,2024-03-01,deposit,4126.29,Realize season small long.
B10490,C1088,2024-07-09,transfer,3501.72,Someone point daughter nice.
B10491,C1049,2025-07-26,deposit,1756.26,Wish where Mrs above husband.
B10492,C1074,2025-05-30,deposit,449.61,Southern size run reason act left hundred.
B10493,C1022,2025-09-12,withdrawal,1047.94,Relate theory magazine cup create air.
B10494,C1033,2025-09-13,withdrawal,3517.01,Suggest state huge his participant nation.
B10495,C1032,2024-12-24,withdrawal,2611.31,West include environment president.
B10496,C1058,2025-10-13,deposit,3795.53,Stuff safe glass PM since loss.
B10497,C1057,2025-08-04,transfer,806.45,Kid many space live measure agree guy.
B10498,C1080,2025-10-10,transfer,925.98,When effect join example agency.
B10499,C1065,2024-05-27,deposit,4485.05,Daughter wind term manager well area probably.
